gamerID,itemName,quantity
abandon_all_hope,Armor Materials,695
abandon_all_hope,Weapon Parts,646
abandon_all_hope,Spirit Bloom,157
abandon_all_hope,Helium Filaments,194
abandon_all_hope,Spinmetal,205
abandon_all_hope,Relic Iron,392
abandon_all_hope,Mote of Light,731
abandon_all_hope,Strange Coin,105
abandon_all_hope,Ascendant Energy,192
abandon_all_hope,Ascendant Shard,126
abandon_all_hope,Hadium Flake,28
abandon_all_hope,Etheric Light,4
abandon_all_hope,Radiant Energy,128
abandon_all_hope,Radiant Shard,210
abandon_all_hope,Passage Coin,20
abandon_all_hope,Ammo Synthesis,45
abandon_all_hope,Special Ammo Synthesis,29
abandon_all_hope,Heavy Ammo Synthesis,17
abandon_all_hope,Exotic Shard,18
abandon_all_hope,Three of Coins,7
AboodGamerXD,Armor Materials,948
AboodGamerXD,Weapon Parts,506
AboodGamerXD,Spirit Bloom,342
AboodGamerXD,Helium Filaments,327
AboodGamerXD,Spinmetal,250
AboodGamerXD,Relic Iron,194
AboodGamerXD,Mote of Light,921
AboodGamerXD,Strange Coin,355
AboodGamerXD,Ascendant Energy,218
AboodGamerXD,Ascendant Shard,124
AboodGamerXD,Hadium Flake,44
AboodGamerXD,Etheric Light,7
AboodGamerXD,Radiant Energy,190
AboodGamerXD,Radiant Shard,203
AboodGamerXD,Passage Coin,44
AboodGamerXD,Ammo Synthesis,14
AboodGamerXD,Special Ammo Synthesis,25
AboodGamerXD,Heavy Ammo Synthesis,8
AboodGamerXD,Exotic Shard,10
AboodGamerXD,Three of Coins,9
AceofSpates,Armor Materials,572
AceofSpates,Weapon Parts,547
AceofSpates,Spirit Bloom,329
AceofSpates,Helium Filaments,332
AceofSpates,Spinmetal,243
AceofSpates,Relic Iron,324
AceofSpates,Mote of Light,594
AceofSpates,Strange Coin,210
AceofSpates,Ascendant Energy,269
AceofSpates,Ascendant Shard,226
AceofSpates,Hadium Flake,16
AceofSpates,Etheric Light,17
AceofSpates,Radiant Energy,278
AceofSpates,Radiant Shard,268
AceofSpates,Passage Coin,13
AceofSpates,Ammo Synthesis,36
AceofSpates,Special Ammo Synthesis,17
AceofSpates,Heavy Ammo Synthesis,6
AceofSpates,Exotic Shard,13
AceofSpates,Three of Coins,11
Alecin,Armor Materials,722
Alecin,Weapon Parts,817
Alecin,Spirit Bloom,333
Alecin,Helium Filaments,289
Alecin,Spinmetal,338
Alecin,Relic Iron,222
Alecin,Mote of Light,399
Alecin,Strange Coin,197
Alecin,Ascendant Energy,148
Alecin,Ascendant Shard,104
Alecin,Hadium Flake,68
Alecin,Etheric Light,12
Alecin,Radiant Energy,139
Alecin,Radiant Shard,275
Alecin,Passage Coin,32
Alecin,Ammo Synthesis,46
Alecin,Special Ammo Synthesis,20
Alecin,Heavy Ammo Synthesis,6
Alecin,Exotic Shard,20
Alecin,Three of Coins,15
AlphaWolf,Armor Materials,757
AlphaWolf,Weapon Parts,864
AlphaWolf,Spirit Bloom,347
AlphaWolf,Helium Filaments,303
AlphaWolf,Spinmetal,315
AlphaWolf,Relic Iron,197
AlphaWolf,Mote of Light,721
AlphaWolf,Strange Coin,122
AlphaWolf,Ascendant Energy,198
AlphaWolf,Ascendant Shard,99
AlphaWolf,Hadium Flake,24
AlphaWolf,Etheric Light,4
AlphaWolf,Radiant Energy,252
AlphaWolf,Radiant Shard,104
AlphaWolf,Passage Coin,23
AlphaWolf,Ammo Synthesis,26
AlphaWolf,Special Ammo Synthesis,29
AlphaWolf,Heavy Ammo Synthesis,7
AlphaWolf,Exotic Shard,10
AlphaWolf,Three of Coins,6
alwahg,Armor Materials,685
alwahg,Weapon Parts,968
alwahg,Spirit Bloom,164
alwahg,Helium Filaments,295
alwahg,Spinmetal,210
alwahg,Relic Iron,162
alwahg,Mote of Light,463
alwahg,Strange Coin,81
alwahg,Ascendant Energy,83
alwahg,Ascendant Shard,89
alwahg,Hadium Flake,43
alwahg,Etheric Light,15
alwahg,Radiant Energy,290
alwahg,Radiant Shard,228
alwahg,Passage Coin,35
alwahg,Ammo Synthesis,43
alwahg,Special Ammo Synthesis,15
alwahg,Heavy Ammo Synthesis,11
alwahg,Exotic Shard,3
alwahg,Three of Coins,4
Amatiel12,Armor Materials,935
Amatiel12,Weapon Parts,766
Amatiel12,Spirit Bloom,390
Amatiel12,Helium Filaments,196
Amatiel12,Spinmetal,162
Amatiel12,Relic Iron,368
Amatiel12,Mote of Light,415
Amatiel12,Strange Coin,233
Amatiel12,Ascendant Energy,258
Amatiel12,Ascendant Shard,184
Amatiel12,Hadium Flake,45
Amatiel12,Etheric Light,9
Amatiel12,Radiant Energy,252
Amatiel12,Radiant Shard,189
Amatiel12,Passage Coin,8
Amatiel12,Ammo Synthesis,35
Amatiel12,Special Ammo Synthesis,29
Amatiel12,Heavy Ammo Synthesis,16
Amatiel12,Exotic Shard,5
Amatiel12,Three of Coins,15
AngryJoeShow,Armor Materials,856
AngryJoeShow,Weapon Parts,553
AngryJoeShow,Spirit Bloom,238
AngryJoeShow,Helium Filaments,247
AngryJoeShow,Spinmetal,271
AngryJoeShow,Relic Iron,225
AngryJoeShow,Mote of Light,792
AngryJoeShow,Strange Coin,84
AngryJoeShow,Ascendant Energy,158
AngryJoeShow,Ascendant Shard,276
AngryJoeShow,Hadium Flake,60
AngryJoeShow,Etheric Light,5
AngryJoeShow,Radiant Energy,180
AngryJoeShow,Radiant Shard,300
AngryJoeShow,Passage Coin,19
AngryJoeShow,Ammo Synthesis,15
AngryJoeShow,Special Ammo Synthesis,14
AngryJoeShow,Heavy Ammo Synthesis,11
AngryJoeShow,Exotic Shard,13
AngryJoeShow,Three of Coins,11
Aquaman,Armor Materials,699
Aquaman,Weapon Parts,822
Aquaman,Spirit Bloom,252
Aquaman,Helium Filaments,365
Aquaman,Spinmetal,266
Aquaman,Relic Iron,289
Aquaman,Mote of Light,631
Aquaman,Strange Coin,388
Aquaman,Ascendant Energy,52
Aquaman,Ascendant Shard,143
Aquaman,Hadium Flake,2
Aquaman,Etheric Light,8
Aquaman,Radiant Energy,226
Aquaman,Radiant Shard,66
Aquaman,Passage Coin,22
Aquaman,Ammo Synthesis,21
Aquaman,Special Ammo Synthesis,27
Aquaman,Heavy Ammo Synthesis,18
Aquaman,Exotic Shard,15
Aquaman,Three of Coins,10
Asuna,Armor Materials,698
Asuna,Weapon Parts,927
Asuna,Spirit Bloom,169
Asuna,Helium Filaments,308
Asuna,Spinmetal,342
Asuna,Relic Iron,216
Asuna,Mote of Light,626
Asuna,Strange Coin,309
Asuna,Ascendant Energy,246
Asuna,Ascendant Shard,129
Asuna,Hadium Flake,66
Asuna,Etheric Light,20
Asuna,Radiant Energy,159
Asuna,Radiant Shard,172
Asuna,Passage Coin,42
Asuna,Ammo Synthesis,22
Asuna,Special Ammo Synthesis,22
Asuna,Heavy Ammo Synthesis,14
Asuna,Exotic Shard,10
Asuna,Three of Coins,11
Batman,Armor Materials,734
Batman,Weapon Parts,545
Batman,Spirit Bloom,164
Batman,Helium Filaments,269
Batman,Spinmetal,307
Batman,Relic Iron,195
Batman,Mote of Light,860
Batman,Strange Coin,323
Batman,Ascendant Energy,246
Batman,Ascendant Shard,85
Batman,Hadium Flake,20
Batman,Etheric Light,15
Batman,Radiant Energy,129
Batman,Radiant Shard,107
Batman,Passage Coin,50
Batman,Ammo Synthesis,20
Batman,Special Ammo Synthesis,22
Batman,Heavy Ammo Synthesis,16
Batman,Exotic Shard,5
Batman,Three of Coins,8
black3fire,Armor Materials,897
black3fire,Weapon Parts,587
black3fire,Spirit Bloom,342
black3fire,Helium Filaments,222
black3fire,Spinmetal,277
black3fire,Relic Iron,337
black3fire,Mote of Light,898
black3fire,Strange Coin,221
black3fire,Ascendant Energy,173
black3fire,Ascendant Shard,197
black3fire,Hadium Flake,59
black3fire,Etheric Light,11
black3fire,Radiant Energy,266
black3fire,Radiant Shard,55
black3fire,Passage Coin,39
black3fire,Ammo Synthesis,49
black3fire,Special Ammo Synthesis,27
black3fire,Heavy Ammo Synthesis,18
black3fire,Exotic Shard,16
black3fire,Three of Coins,11
blackhunter209,Armor Materials,707
blackhunter209,Weapon Parts,873
blackhunter209,Spirit Bloom,264
blackhunter209,Helium Filaments,336
blackhunter209,Spinmetal,152
blackhunter209,Relic Iron,380
blackhunter209,Mote of Light,948
blackhunter209,Strange Coin,310
blackhunter209,Ascendant Energy,166
blackhunter209,Ascendant Shard,67
blackhunter209,Hadium Flake,85
blackhunter209,Etheric Light,13
blackhunter209,Radiant Energy,244
blackhunter209,Radiant Shard,156
blackhunter209,Passage Coin,4
blackhunter209,Ammo Synthesis,22
blackhunter209,Special Ammo Synthesis,21
blackhunter209,Heavy Ammo Synthesis,19
blackhunter209,Exotic Shard,15
blackhunter209,Three of Coins,3
BlasTheGoat,Armor Materials,921
BlasTheGoat,Weapon Parts,742
BlasTheGoat,Spirit Bloom,332
BlasTheGoat,Helium Filaments,212
BlasTheGoat,Spinmetal,167
BlasTheGoat,Relic Iron,321
BlasTheGoat,Mote of Light,300
BlasTheGoat,Strange Coin,158
BlasTheGoat,Ascendant Energy,137
BlasTheGoat,Ascendant Shard,278
BlasTheGoat,Hadium Flake,42
BlasTheGoat,Etheric Light,2
BlasTheGoat,Radiant Energy,234
BlasTheGoat,Radiant Shard,144
BlasTheGoat,Passage Coin,37
BlasTheGoat,Ammo Synthesis,6
BlasTheGoat,Special Ammo Synthesis,28
BlasTheGoat,Heavy Ammo Synthesis,8
BlasTheGoat,Exotic Shard,4
BlasTheGoat,Three of Coins,9
Chickendust,Armor Materials,986
Chickendust,Weapon Parts,555
Chickendust,Spirit Bloom,358
Chickendust,Helium Filaments,250
Chickendust,Spinmetal,398
Chickendust,Relic Iron,177
Chickendust,Mote of Light,932
Chickendust,Strange Coin,121
Chickendust,Ascendant Energy,237
Chickendust,Ascendant Shard,113
Chickendust,Hadium Flake,48
Chickendust,Etheric Light,7
Chickendust,Radiant Energy,66
Chickendust,Radiant Shard,50
Chickendust,Passage Coin,4
Chickendust,Ammo Synthesis,45
Chickendust,Special Ammo Synthesis,18
Chickendust,Heavy Ammo Synthesis,8
Chickendust,Exotic Shard,20
Chickendust,Three of Coins,7
Chirzard,Armor Materials,521
Chirzard,Weapon Parts,817
Chirzard,Spirit Bloom,260
Chirzard,Helium Filaments,160
Chirzard,Spinmetal,244
Chirzard,Relic Iron,189
Chirzard,Mote of Light,487
Chirzard,Strange Coin,273
Chirzard,Ascendant Energy,250
Chirzard,Ascendant Shard,91
Chirzard,Hadium Flake,56
Chirzard,Etheric Light,11
Chirzard,Radiant Energy,94
Chirzard,Radiant Shard,69
Chirzard,Passage Coin,19
Chirzard,Ammo Synthesis,39
Chirzard,Special Ammo Synthesis,15
Chirzard,Heavy Ammo Synthesis,18
Chirzard,Exotic Shard,7
Chirzard,Three of Coins,9
Creater999,Armor Materials,965
Creater999,Weapon Parts,681
Creater999,Spirit Bloom,260
Creater999,Helium Filaments,170
Creater999,Spinmetal,326
Creater999,Relic Iron,269
Creater999,Mote of Light,905
Creater999,Strange Coin,201
Creater999,Ascendant Energy,73
Creater999,Ascendant Shard,199
Creater999,Hadium Flake,21
Creater999,Etheric Light,3
Creater999,Radiant Energy,164
Creater999,Radiant Shard,283
Creater999,Passage Coin,20
Creater999,Ammo Synthesis,16
Creater999,Special Ammo Synthesis,6
Creater999,Heavy Ammo Synthesis,13
Creater999,Exotic Shard,10
Creater999,Three of Coins,11
Cruciamen,Armor Materials,893
Cruciamen,Weapon Parts,827
Cruciamen,Spirit Bloom,358
Cruciamen,Helium Filaments,191
Cruciamen,Spinmetal,202
Cruciamen,Relic Iron,374
Cruciamen,Mote of Light,845
Cruciamen,Strange Coin,51
Cruciamen,Ascendant Energy,239
Cruciamen,Ascendant Shard,225
Cruciamen,Hadium Flake,85
Cruciamen,Etheric Light,19
Cruciamen,Radiant Energy,57
Cruciamen,Radiant Shard,81
Cruciamen,Passage Coin,31
Cruciamen,Ammo Synthesis,9
Cruciamen,Special Ammo Synthesis,29
Cruciamen,Heavy Ammo Synthesis,14
Cruciamen,Exotic Shard,14
Cruciamen,Three of Coins,11
Cyborg,Armor Materials,918
Cyborg,Weapon Parts,805
Cyborg,Spirit Bloom,384
Cyborg,Helium Filaments,210
Cyborg,Spinmetal,151
Cyborg,Relic Iron,340
Cyborg,Mote of Light,554
Cyborg,Strange Coin,267
Cyborg,Ascendant Energy,79
Cyborg,Ascendant Shard,283
Cyborg,Hadium Flake,50
Cyborg,Etheric Light,5
Cyborg,Radiant Energy,164
Cyborg,Radiant Shard,188
Cyborg,Passage Coin,43
Cyborg,Ammo Synthesis,8
Cyborg,Special Ammo Synthesis,14
Cyborg,Heavy Ammo Synthesis,13
Cyborg,Exotic Shard,6
Cyborg,Three of Coins,11
Da6Beast8,Armor Materials,776
Da6Beast8,Weapon Parts,525
Da6Beast8,Spirit Bloom,246
Da6Beast8,Helium Filaments,166
Da6Beast8,Spinmetal,354
Da6Beast8,Relic Iron,234
Da6Beast8,Mote of Light,428
Da6Beast8,Strange Coin,298
Da6Beast8,Ascendant Energy,291
Da6Beast8,Ascendant Shard,279
Da6Beast8,Hadium Flake,57
Da6Beast8,Etheric Light,10
Da6Beast8,Radiant Energy,262
Da6Beast8,Radiant Shard,150
Da6Beast8,Passage Coin,30
Da6Beast8,Ammo Synthesis,31
Da6Beast8,Special Ammo Synthesis,14
Da6Beast8,Heavy Ammo Synthesis,16
Da6Beast8,Exotic Shard,15
Da6Beast8,Three of Coins,7
Delrith,Armor Materials,917
Delrith,Weapon Parts,820
Delrith,Spirit Bloom,157
Delrith,Helium Filaments,302
Delrith,Spinmetal,274
Delrith,Relic Iron,312
Delrith,Mote of Light,526
Delrith,Strange Coin,150
Delrith,Ascendant Energy,287
Delrith,Ascendant Shard,101
Delrith,Hadium Flake,73
Delrith,Etheric Light,16
Delrith,Radiant Energy,252
Delrith,Radiant Shard,125
Delrith,Passage Coin,9
Delrith,Ammo Synthesis,27
Delrith,Special Ammo Synthesis,28
Delrith,Heavy Ammo Synthesis,13
Delrith,Exotic Shard,20
Delrith,Three of Coins,1
DJ_Slice,Armor Materials,931
DJ_Slice,Weapon Parts,755
DJ_Slice,Spirit Bloom,222
DJ_Slice,Helium Filaments,207
DJ_Slice,Spinmetal,190
DJ_Slice,Relic Iron,385
DJ_Slice,Mote of Light,495
DJ_Slice,Strange Coin,346
DJ_Slice,Ascendant Energy,144
DJ_Slice,Ascendant Shard,152
DJ_Slice,Hadium Flake,20
DJ_Slice,Etheric Light,17
DJ_Slice,Radiant Energy,161
DJ_Slice,Radiant Shard,200
DJ_Slice,Passage Coin,21
DJ_Slice,Ammo Synthesis,5
DJ_Slice,Special Ammo Synthesis,23
DJ_Slice,Heavy Ammo Synthesis,9
DJ_Slice,Exotic Shard,13
DJ_Slice,Three of Coins,1
Drax,Armor Materials,895
Drax,Weapon Parts,520
Drax,Spirit Bloom,284
Drax,Helium Filaments,178
Drax,Spinmetal,223
Drax,Relic Iron,390
Drax,Mote of Light,360
Drax,Strange Coin,182
Drax,Ascendant Energy,269
Drax,Ascendant Shard,300
Drax,Hadium Flake,53
Drax,Etheric Light,3
Drax,Radiant Energy,250
Drax,Radiant Shard,242
Drax,Passage Coin,8
Drax,Ammo Synthesis,38
Drax,Special Ammo Synthesis,14
Drax,Heavy Ammo Synthesis,9
Drax,Exotic Shard,18
Drax,Three of Coins,8
ExploGamer,Armor Materials,661
ExploGamer,Weapon Parts,776
ExploGamer,Spirit Bloom,251
ExploGamer,Helium Filaments,331
ExploGamer,Spinmetal,297
ExploGamer,Relic Iron,245
ExploGamer,Mote of Light,316
ExploGamer,Strange Coin,291
ExploGamer,Ascendant Energy,199
ExploGamer,Ascendant Shard,232
ExploGamer,Hadium Flake,59
ExploGamer,Etheric Light,12
ExploGamer,Radiant Energy,264
ExploGamer,Radiant Shard,124
ExploGamer,Passage Coin,18
ExploGamer,Ammo Synthesis,30
ExploGamer,Special Ammo Synthesis,22
ExploGamer,Heavy Ammo Synthesis,16
ExploGamer,Exotic Shard,18
ExploGamer,Three of Coins,3
Feljin,Armor Materials,820
Feljin,Weapon Parts,914
Feljin,Spirit Bloom,169
Feljin,Helium Filaments,337
Feljin,Spinmetal,282
Feljin,Relic Iron,189
Feljin,Mote of Light,831
Feljin,Strange Coin,256
Feljin,Ascendant Energy,153
Feljin,Ascendant Shard,260
Feljin,Hadium Flake,15
Feljin,Etheric Light,19
Feljin,Radiant Energy,277
Feljin,Radiant Shard,151
Feljin,Passage Coin,24
Feljin,Ammo Synthesis,21
Feljin,Special Ammo Synthesis,29
Feljin,Heavy Ammo Synthesis,5
Feljin,Exotic Shard,12
Feljin,Three of Coins,9
Flash,Armor Materials,796
Flash,Weapon Parts,793
Flash,Spirit Bloom,248
Flash,Helium Filaments,154
Flash,Spinmetal,291
Flash,Relic Iron,359
Flash,Mote of Light,658
Flash,Strange Coin,120
Flash,Ascendant Energy,261
Flash,Ascendant Shard,146
Flash,Hadium Flake,74
Flash,Etheric Light,14
Flash,Radiant Energy,135
Flash,Radiant Shard,220
Flash,Passage Coin,12
Flash,Ammo Synthesis,34
Flash,Special Ammo Synthesis,31
Flash,Heavy Ammo Synthesis,5
Flash,Exotic Shard,18
Flash,Three of Coins,11
Gamora,Armor Materials,605
Gamora,Weapon Parts,707
Gamora,Spirit Bloom,347
Gamora,Helium Filaments,208
Gamora,Spinmetal,323
Gamora,Relic Iron,275
Gamora,Mote of Light,933
Gamora,Strange Coin,116
Gamora,Ascendant Energy,87
Gamora,Ascendant Shard,289
Gamora,Hadium Flake,20
Gamora,Etheric Light,9
Gamora,Radiant Energy,99
Gamora,Radiant Shard,199
Gamora,Passage Coin,36
Gamora,Ammo Synthesis,22
Gamora,Special Ammo Synthesis,33
Gamora,Heavy Ammo Synthesis,15
Gamora,Exotic Shard,3
Gamora,Three of Coins,15
Ghostdog12334,Armor Materials,638
Ghostdog12334,Weapon Parts,969
Ghostdog12334,Spirit Bloom,156
Ghostdog12334,Helium Filaments,360
Ghostdog12334,Spinmetal,224
Ghostdog12334,Relic Iron,257
Ghostdog12334,Mote of Light,890
Ghostdog12334,Strange Coin,342
Ghostdog12334,Ascendant Energy,137
Ghostdog12334,Ascendant Shard,235
Ghostdog12334,Hadium Flake,31
Ghostdog12334,Etheric Light,4
Ghostdog12334,Radiant Energy,168
Ghostdog12334,Radiant Shard,122
Ghostdog12334,Passage Coin,41
Ghostdog12334,Ammo Synthesis,19
Ghostdog12334,Special Ammo Synthesis,25
Ghostdog12334,Heavy Ammo Synthesis,19
Ghostdog12334,Exotic Shard,14
Ghostdog12334,Three of Coins,2
GoodZero,Armor Materials,577
GoodZero,Weapon Parts,900
GoodZero,Spirit Bloom,211
GoodZero,Helium Filaments,234
GoodZero,Spinmetal,349
GoodZero,Relic Iron,295
GoodZero,Mote of Light,646
GoodZero,Strange Coin,231
GoodZero,Ascendant Energy,277
GoodZero,Ascendant Shard,216
GoodZero,Hadium Flake,66
GoodZero,Etheric Light,8
GoodZero,Radiant Energy,236
GoodZero,Radiant Shard,203
GoodZero,Passage Coin,12
GoodZero,Ammo Synthesis,27
GoodZero,Special Ammo Synthesis,26
GoodZero,Heavy Ammo Synthesis,10
GoodZero,Exotic Shard,2
GoodZero,Three of Coins,12
GreenLantern,Armor Materials,688
GreenLantern,Weapon Parts,619
GreenLantern,Spirit Bloom,275
GreenLantern,Helium Filaments,392
GreenLantern,Spinmetal,322
GreenLantern,Relic Iron,195
GreenLantern,Mote of Light,579
GreenLantern,Strange Coin,94
GreenLantern,Ascendant Energy,190
GreenLantern,Ascendant Shard,50
GreenLantern,Hadium Flake,78
GreenLantern,Etheric Light,18
GreenLantern,Radiant Energy,136
GreenLantern,Radiant Shard,129
GreenLantern,Passage Coin,36
GreenLantern,Ammo Synthesis,38
GreenLantern,Special Ammo Synthesis,33
GreenLantern,Heavy Ammo Synthesis,10
GreenLantern,Exotic Shard,10
GreenLantern,Three of Coins,12
Groot,Armor Materials,973
Groot,Weapon Parts,560
Groot,Spirit Bloom,358
Groot,Helium Filaments,187
Groot,Spinmetal,340
Groot,Relic Iron,224
Groot,Mote of Light,936
Groot,Strange Coin,146
Groot,Ascendant Energy,88
Groot,Ascendant Shard,283
Groot,Hadium Flake,28
Groot,Etheric Light,17
Groot,Radiant Energy,81
Groot,Radiant Shard,287
Groot,Passage Coin,18
Groot,Ammo Synthesis,20
Groot,Special Ammo Synthesis,16
Groot,Heavy Ammo Synthesis,6
Groot,Exotic Shard,13
Groot,Three of Coins,9
Guledan,Armor Materials,960
Guledan,Weapon Parts,960
Guledan,Spirit Bloom,246
Guledan,Helium Filaments,335
Guledan,Spinmetal,245
Guledan,Relic Iron,329
Guledan,Mote of Light,520
Guledan,Strange Coin,53
Guledan,Ascendant Energy,222
Guledan,Ascendant Shard,70
Guledan,Hadium Flake,17
Guledan,Etheric Light,14
Guledan,Radiant Energy,131
Guledan,Radiant Shard,246
Guledan,Passage Coin,34
Guledan,Ammo Synthesis,23
Guledan,Special Ammo Synthesis,33
Guledan,Heavy Ammo Synthesis,10
Guledan,Exotic Shard,10
Guledan,Three of Coins,14
Haruhi_Grey,Armor Materials,803
Haruhi_Grey,Weapon Parts,651
Haruhi_Grey,Spirit Bloom,152
Haruhi_Grey,Helium Filaments,360
Haruhi_Grey,Spinmetal,362
Haruhi_Grey,Relic Iron,155
Haruhi_Grey,Mote of Light,852
Haruhi_Grey,Strange Coin,358
Haruhi_Grey,Ascendant Energy,130
Haruhi_Grey,Ascendant Shard,220
Haruhi_Grey,Hadium Flake,57
Haruhi_Grey,Etheric Light,8
Haruhi_Grey,Radiant Energy,83
Haruhi_Grey,Radiant Shard,133
Haruhi_Grey,Passage Coin,9
Haruhi_Grey,Ammo Synthesis,31
Haruhi_Grey,Special Ammo Synthesis,17
Haruhi_Grey,Heavy Ammo Synthesis,9
Haruhi_Grey,Exotic Shard,10
Haruhi_Grey,Three of Coins,5
Hawkgirl,Armor Materials,813
Hawkgirl,Weapon Parts,508
Hawkgirl,Spirit Bloom,201
Hawkgirl,Helium Filaments,352
Hawkgirl,Spinmetal,392
Hawkgirl,Relic Iron,400
Hawkgirl,Mote of Light,509
Hawkgirl,Strange Coin,297
Hawkgirl,Ascendant Energy,259
Hawkgirl,Ascendant Shard,120
Hawkgirl,Hadium Flake,11
Hawkgirl,Etheric Light,8
Hawkgirl,Radiant Energy,217
Hawkgirl,Radiant Shard,182
Hawkgirl,Passage Coin,32
Hawkgirl,Ammo Synthesis,27
Hawkgirl,Special Ammo Synthesis,26
Hawkgirl,Heavy Ammo Synthesis,11
Hawkgirl,Exotic Shard,14
Hawkgirl,Three of Coins,6
Heathcliff,Armor Materials,875
Heathcliff,Weapon Parts,789
Heathcliff,Spirit Bloom,394
Heathcliff,Helium Filaments,210
Heathcliff,Spinmetal,243
Heathcliff,Relic Iron,315
Heathcliff,Mote of Light,793
Heathcliff,Strange Coin,76
Heathcliff,Ascendant Energy,233
Heathcliff,Ascendant Shard,173
Heathcliff,Hadium Flake,43
Heathcliff,Etheric Light,1
Heathcliff,Radiant Energy,284
Heathcliff,Radiant Shard,143
Heathcliff,Passage Coin,22
Heathcliff,Ammo Synthesis,8
Heathcliff,Special Ammo Synthesis,19
Heathcliff,Heavy Ammo Synthesis,11
Heathcliff,Exotic Shard,3
Heathcliff,Three of Coins,9
HoD_Deadeye,Armor Materials,938
HoD_Deadeye,Weapon Parts,669
HoD_Deadeye,Spirit Bloom,222
HoD_Deadeye,Helium Filaments,382
HoD_Deadeye,Spinmetal,287
HoD_Deadeye,Relic Iron,257
HoD_Deadeye,Mote of Light,656
HoD_Deadeye,Strange Coin,363
HoD_Deadeye,Ascendant Energy,164
HoD_Deadeye,Ascendant Shard,63
HoD_Deadeye,Hadium Flake,36
HoD_Deadeye,Etheric Light,18
HoD_Deadeye,Radiant Energy,247
HoD_Deadeye,Radiant Shard,296
HoD_Deadeye,Passage Coin,15
HoD_Deadeye,Ammo Synthesis,19
HoD_Deadeye,Special Ammo Synthesis,9
HoD_Deadeye,Heavy Ammo Synthesis,19
HoD_Deadeye,Exotic Shard,12
HoD_Deadeye,Three of Coins,10
Hydro,Armor Materials,758
Hydro,Weapon Parts,594
Hydro,Spirit Bloom,256
Hydro,Helium Filaments,371
Hydro,Spinmetal,184
Hydro,Relic Iron,271
Hydro,Mote of Light,654
Hydro,Strange Coin,103
Hydro,Ascendant Energy,112
Hydro,Ascendant Shard,258
Hydro,Hadium Flake,26
Hydro,Etheric Light,6
Hydro,Radiant Energy,203
Hydro,Radiant Shard,290
Hydro,Passage Coin,40
Hydro,Ammo Synthesis,39
Hydro,Special Ammo Synthesis,8
Hydro,Heavy Ammo Synthesis,8
Hydro,Exotic Shard,3
Hydro,Three of Coins,1
Inversus2002,Armor Materials,921
Inversus2002,Weapon Parts,695
Inversus2002,Spirit Bloom,304
Inversus2002,Helium Filaments,376
Inversus2002,Spinmetal,232
Inversus2002,Relic Iron,381
Inversus2002,Mote of Light,315
Inversus2002,Strange Coin,126
Inversus2002,Ascendant Energy,229
Inversus2002,Ascendant Shard,290
Inversus2002,Hadium Flake,16
Inversus2002,Etheric Light,10
Inversus2002,Radiant Energy,161
Inversus2002,Radiant Shard,185
Inversus2002,Passage Coin,46
Inversus2002,Ammo Synthesis,44
Inversus2002,Special Ammo Synthesis,21
Inversus2002,Heavy Ammo Synthesis,16
Inversus2002,Exotic Shard,10
Inversus2002,Three of Coins,4
Ir_Anuk,Armor Materials,850
Ir_Anuk,Weapon Parts,630
Ir_Anuk,Spirit Bloom,318
Ir_Anuk,Helium Filaments,291
Ir_Anuk,Spinmetal,159
Ir_Anuk,Relic Iron,390
Ir_Anuk,Mote of Light,514
Ir_Anuk,Strange Coin,103
Ir_Anuk,Ascendant Energy,212
Ir_Anuk,Ascendant Shard,87
Ir_Anuk,Hadium Flake,56
Ir_Anuk,Etheric Light,18
Ir_Anuk,Radiant Energy,252
Ir_Anuk,Radiant Shard,128
Ir_Anuk,Passage Coin,25
Ir_Anuk,Ammo Synthesis,36
Ir_Anuk,Special Ammo Synthesis,12
Ir_Anuk,Heavy Ammo Synthesis,14
Ir_Anuk,Exotic Shard,15
Ir_Anuk,Three of Coins,15
IRONBLASTER,Armor Materials,829
IRONBLASTER,Weapon Parts,925
IRONBLASTER,Spirit Bloom,305
IRONBLASTER,Helium Filaments,329
IRONBLASTER,Spinmetal,209
IRONBLASTER,Relic Iron,226
IRONBLASTER,Mote of Light,641
IRONBLASTER,Strange Coin,286
IRONBLASTER,Ascendant Energy,134
IRONBLASTER,Ascendant Shard,171
IRONBLASTER,Hadium Flake,81
IRONBLASTER,Etheric Light,4
IRONBLASTER,Radiant Energy,188
IRONBLASTER,Radiant Shard,122
IRONBLASTER,Passage Coin,25
IRONBLASTER,Ammo Synthesis,36
IRONBLASTER,Special Ammo Synthesis,7
IRONBLASTER,Heavy Ammo Synthesis,14
IRONBLASTER,Exotic Shard,8
IRONBLASTER,Three of Coins,15
Jetli101,Armor Materials,502
Jetli101,Weapon Parts,623
Jetli101,Spirit Bloom,222
Jetli101,Helium Filaments,159
Jetli101,Spinmetal,182
Jetli101,Relic Iron,346
Jetli101,Mote of Light,571
Jetli101,Strange Coin,399
Jetli101,Ascendant Energy,177
Jetli101,Ascendant Shard,117
Jetli101,Hadium Flake,68
Jetli101,Etheric Light,5
Jetli101,Radiant Energy,294
Jetli101,Radiant Shard,56
Jetli101,Passage Coin,16
Jetli101,Ammo Synthesis,12
Jetli101,Special Ammo Synthesis,12
Jetli101,Heavy Ammo Synthesis,11
Jetli101,Exotic Shard,2
Jetli101,Three of Coins,2
JohnnyBlack,Armor Materials,710
JohnnyBlack,Weapon Parts,862
JohnnyBlack,Spirit Bloom,269
JohnnyBlack,Helium Filaments,400
JohnnyBlack,Spinmetal,235
JohnnyBlack,Relic Iron,359
JohnnyBlack,Mote of Light,664
JohnnyBlack,Strange Coin,262
JohnnyBlack,Ascendant Energy,235
JohnnyBlack,Ascendant Shard,57
JohnnyBlack,Hadium Flake,49
JohnnyBlack,Etheric Light,14
JohnnyBlack,Radiant Energy,246
JohnnyBlack,Radiant Shard,61
JohnnyBlack,Passage Coin,29
JohnnyBlack,Ammo Synthesis,7
JohnnyBlack,Special Ammo Synthesis,35
JohnnyBlack,Heavy Ammo Synthesis,7
JohnnyBlack,Exotic Shard,17
JohnnyBlack,Three of Coins,9
JonnyOThan,Armor Materials,623
JonnyOThan,Weapon Parts,989
JonnyOThan,Spirit Bloom,344
JonnyOThan,Helium Filaments,360
JonnyOThan,Spinmetal,400
JonnyOThan,Relic Iron,380
JonnyOThan,Mote of Light,477
JonnyOThan,Strange Coin,186
JonnyOThan,Ascendant Energy,284
JonnyOThan,Ascendant Shard,217
JonnyOThan,Hadium Flake,48
JonnyOThan,Etheric Light,19
JonnyOThan,Radiant Energy,61
JonnyOThan,Radiant Shard,79
JonnyOThan,Passage Coin,14
JonnyOThan,Ammo Synthesis,31
JonnyOThan,Special Ammo Synthesis,26
JonnyOThan,Heavy Ammo Synthesis,8
JonnyOThan,Exotic Shard,1
JonnyOThan,Three of Coins,2
kakashi1413,Armor Materials,760
kakashi1413,Weapon Parts,797
kakashi1413,Spirit Bloom,163
kakashi1413,Helium Filaments,286
kakashi1413,Spinmetal,257
kakashi1413,Relic Iron,239
kakashi1413,Mote of Light,590
kakashi1413,Strange Coin,144
kakashi1413,Ascendant Energy,186
kakashi1413,Ascendant Shard,295
kakashi1413,Hadium Flake,13
kakashi1413,Etheric Light,9
kakashi1413,Radiant Energy,250
kakashi1413,Radiant Shard,56
kakashi1413,Passage Coin,17
kakashi1413,Ammo Synthesis,38
kakashi1413,Special Ammo Synthesis,26
kakashi1413,Heavy Ammo Synthesis,9
kakashi1413,Exotic Shard,15
kakashi1413,Three of Coins,15
Kdallow,Armor Materials,511
Kdallow,Weapon Parts,783
Kdallow,Spirit Bloom,246
Kdallow,Helium Filaments,374
Kdallow,Spinmetal,353
Kdallow,Relic Iron,292
Kdallow,Mote of Light,304
Kdallow,Strange Coin,52
Kdallow,Ascendant Energy,88
Kdallow,Ascendant Shard,86
Kdallow,Hadium Flake,4
Kdallow,Etheric Light,2
Kdallow,Radiant Energy,205
Kdallow,Radiant Shard,79
Kdallow,Passage Coin,30
Kdallow,Ammo Synthesis,39
Kdallow,Special Ammo Synthesis,30
Kdallow,Heavy Ammo Synthesis,10
Kdallow,Exotic Shard,13
Kdallow,Three of Coins,14
KillaCrota,Armor Materials,528
KillaCrota,Weapon Parts,825
KillaCrota,Spirit Bloom,326
KillaCrota,Helium Filaments,326
KillaCrota,Spinmetal,196
KillaCrota,Relic Iron,385
KillaCrota,Mote of Light,349
KillaCrota,Strange Coin,129
KillaCrota,Ascendant Energy,153
KillaCrota,Ascendant Shard,118
KillaCrota,Hadium Flake,16
KillaCrota,Etheric Light,17
KillaCrota,Radiant Energy,231
KillaCrota,Radiant Shard,244
KillaCrota,Passage Coin,42
KillaCrota,Ammo Synthesis,42
KillaCrota,Special Ammo Synthesis,32
KillaCrota,Heavy Ammo Synthesis,18
KillaCrota,Exotic Shard,19
KillaCrota,Three of Coins,10
KillingJone04,Armor Materials,892
KillingJone04,Weapon Parts,997
KillingJone04,Spirit Bloom,324
KillingJone04,Helium Filaments,307
KillingJone04,Spinmetal,376
KillingJone04,Relic Iron,254
KillingJone04,Mote of Light,754
KillingJone04,Strange Coin,104
KillingJone04,Ascendant Energy,54
KillingJone04,Ascendant Shard,136
KillingJone04,Hadium Flake,34
KillingJone04,Etheric Light,4
KillingJone04,Radiant Energy,286
KillingJone04,Radiant Shard,159
KillingJone04,Passage Coin,8
KillingJone04,Ammo Synthesis,41
KillingJone04,Special Ammo Synthesis,7
KillingJone04,Heavy Ammo Synthesis,19
KillingJone04,Exotic Shard,17
KillingJone04,Three of Coins,7
Kingpin2,Armor Materials,774
Kingpin2,Weapon Parts,961
Kingpin2,Spirit Bloom,371
Kingpin2,Helium Filaments,224
Kingpin2,Spinmetal,196
Kingpin2,Relic Iron,163
Kingpin2,Mote of Light,833
Kingpin2,Strange Coin,366
Kingpin2,Ascendant Energy,139
Kingpin2,Ascendant Shard,85
Kingpin2,Hadium Flake,55
Kingpin2,Etheric Light,8
Kingpin2,Radiant Energy,122
Kingpin2,Radiant Shard,292
Kingpin2,Passage Coin,38
Kingpin2,Ammo Synthesis,19
Kingpin2,Special Ammo Synthesis,32
Kingpin2,Heavy Ammo Synthesis,11
Kingpin2,Exotic Shard,13
Kingpin2,Three of Coins,3
Kirito,Armor Materials,565
Kirito,Weapon Parts,715
Kirito,Spirit Bloom,246
Kirito,Helium Filaments,372
Kirito,Spinmetal,372
Kirito,Relic Iron,400
Kirito,Mote of Light,780
Kirito,Strange Coin,292
Kirito,Ascendant Energy,152
Kirito,Ascendant Shard,114
Kirito,Hadium Flake,48
Kirito,Etheric Light,5
Kirito,Radiant Energy,141
Kirito,Radiant Shard,103
Kirito,Passage Coin,21
Kirito,Ammo Synthesis,5
Kirito,Special Ammo Synthesis,6
Kirito,Heavy Ammo Synthesis,17
Kirito,Exotic Shard,20
Kirito,Three of Coins,14
Klein,Armor Materials,997
Klein,Weapon Parts,714
Klein,Spirit Bloom,286
Klein,Helium Filaments,216
Klein,Spinmetal,323
Klein,Relic Iron,350
Klein,Mote of Light,745
Klein,Strange Coin,168
Klein,Ascendant Energy,189
Klein,Ascendant Shard,214
Klein,Hadium Flake,35
Klein,Etheric Light,18
Klein,Radiant Energy,218
Klein,Radiant Shard,219
Klein,Passage Coin,39
Klein,Ammo Synthesis,36
Klein,Special Ammo Synthesis,10
Klein,Heavy Ammo Synthesis,11
Klein,Exotic Shard,15
Klein,Three of Coins,2
Kucamunga1,Armor Materials,906
Kucamunga1,Weapon Parts,553
Kucamunga1,Spirit Bloom,161
Kucamunga1,Helium Filaments,176
Kucamunga1,Spinmetal,268
Kucamunga1,Relic Iron,321
Kucamunga1,Mote of Light,930
Kucamunga1,Strange Coin,302
Kucamunga1,Ascendant Energy,276
Kucamunga1,Ascendant Shard,166
Kucamunga1,Hadium Flake,6
Kucamunga1,Etheric Light,20
Kucamunga1,Radiant Energy,61
Kucamunga1,Radiant Shard,227
Kucamunga1,Passage Coin,38
Kucamunga1,Ammo Synthesis,43
Kucamunga1,Special Ammo Synthesis,19
Kucamunga1,Heavy Ammo Synthesis,16
Kucamunga1,Exotic Shard,6
Kucamunga1,Three of Coins,8
Kuradeel,Armor Materials,847
Kuradeel,Weapon Parts,675
Kuradeel,Spirit Bloom,255
Kuradeel,Helium Filaments,299
Kuradeel,Spinmetal,252
Kuradeel,Relic Iron,284
Kuradeel,Mote of Light,873
Kuradeel,Strange Coin,92
Kuradeel,Ascendant Energy,191
Kuradeel,Ascendant Shard,206
Kuradeel,Hadium Flake,59
Kuradeel,Etheric Light,2
Kuradeel,Radiant Energy,71
Kuradeel,Radiant Shard,237
Kuradeel,Passage Coin,44
Kuradeel,Ammo Synthesis,34
Kuradeel,Special Ammo Synthesis,13
Kuradeel,Heavy Ammo Synthesis,9
Kuradeel,Exotic Shard,19
Kuradeel,Three of Coins,12
Leafa,Armor Materials,992
Leafa,Weapon Parts,622
Leafa,Spirit Bloom,211
Leafa,Helium Filaments,334
Leafa,Spinmetal,246
Leafa,Relic Iron,316
Leafa,Mote of Light,744
Leafa,Strange Coin,183
Leafa,Ascendant Energy,294
Leafa,Ascendant Shard,245
Leafa,Hadium Flake,65
Leafa,Etheric Light,4
Leafa,Radiant Energy,171
Leafa,Radiant Shard,146
Leafa,Passage Coin,26
Leafa,Ammo Synthesis,35
Leafa,Special Ammo Synthesis,6
Leafa,Heavy Ammo Synthesis,19
Leafa,Exotic Shard,10
Leafa,Three of Coins,13
LirNir15,Armor Materials,644
LirNir15,Weapon Parts,966
LirNir15,Spirit Bloom,316
LirNir15,Helium Filaments,386
LirNir15,Spinmetal,214
LirNir15,Relic Iron,246
LirNir15,Mote of Light,852
LirNir15,Strange Coin,174
LirNir15,Ascendant Energy,131
LirNir15,Ascendant Shard,133
LirNir15,Hadium Flake,83
LirNir15,Etheric Light,16
LirNir15,Radiant Energy,189
LirNir15,Radiant Shard,253
LirNir15,Passage Coin,9
LirNir15,Ammo Synthesis,14
LirNir15,Special Ammo Synthesis,6
LirNir15,Heavy Ammo Synthesis,14
LirNir15,Exotic Shard,18
LirNir15,Three of Coins,14
Lisbeth,Armor Materials,750
Lisbeth,Weapon Parts,598
Lisbeth,Spirit Bloom,260
Lisbeth,Helium Filaments,300
Lisbeth,Spinmetal,150
Lisbeth,Relic Iron,369
Lisbeth,Mote of Light,515
Lisbeth,Strange Coin,131
Lisbeth,Ascendant Energy,291
Lisbeth,Ascendant Shard,113
Lisbeth,Hadium Flake,61
Lisbeth,Etheric Light,11
Lisbeth,Radiant Energy,81
Lisbeth,Radiant Shard,195
Lisbeth,Passage Coin,16
Lisbeth,Ammo Synthesis,28
Lisbeth,Special Ammo Synthesis,33
Lisbeth,Heavy Ammo Synthesis,7
Lisbeth,Exotic Shard,4
Lisbeth,Three of Coins,13
LucielFall,Armor Materials,668
LucielFall,Weapon Parts,638
LucielFall,Spirit Bloom,275
LucielFall,Helium Filaments,363
LucielFall,Spinmetal,194
LucielFall,Relic Iron,303
LucielFall,Mote of Light,449
LucielFall,Strange Coin,295
LucielFall,Ascendant Energy,103
LucielFall,Ascendant Shard,187
LucielFall,Hadium Flake,7
LucielFall,Etheric Light,17
LucielFall,Radiant Energy,215
LucielFall,Radiant Shard,50
LucielFall,Passage Coin,7
LucielFall,Ammo Synthesis,9
LucielFall,Special Ammo Synthesis,20
LucielFall,Heavy Ammo Synthesis,19
LucielFall,Exotic Shard,7
LucielFall,Three of Coins,3
Lux,Armor Materials,777
Lux,Weapon Parts,720
Lux,Spirit Bloom,186
Lux,Helium Filaments,293
Lux,Spinmetal,266
Lux,Relic Iron,383
Lux,Mote of Light,471
Lux,Strange Coin,240
Lux,Ascendant Energy,80
Lux,Ascendant Shard,83
Lux,Hadium Flake,29
Lux,Etheric Light,7
Lux,Radiant Energy,270
Lux,Radiant Shard,290
Lux,Passage Coin,42
Lux,Ammo Synthesis,44
Lux,Special Ammo Synthesis,22
Lux,Heavy Ammo Synthesis,18
Lux,Exotic Shard,12
Lux,Three of Coins,12
M_Deezy,Armor Materials,956
M_Deezy,Weapon Parts,958
M_Deezy,Spirit Bloom,319
M_Deezy,Helium Filaments,292
M_Deezy,Spinmetal,345
M_Deezy,Relic Iron,179
M_Deezy,Mote of Light,861
M_Deezy,Strange Coin,78
M_Deezy,Ascendant Energy,151
M_Deezy,Ascendant Shard,255
M_Deezy,Hadium Flake,64
M_Deezy,Etheric Light,1
M_Deezy,Radiant Energy,258
M_Deezy,Radiant Shard,51
M_Deezy,Passage Coin,31
M_Deezy,Ammo Synthesis,24
M_Deezy,Special Ammo Synthesis,31
M_Deezy,Heavy Ammo Synthesis,5
M_Deezy,Exotic Shard,19
M_Deezy,Three of Coins,10
MartianManHunter,Armor Materials,558
MartianManHunter,Weapon Parts,859
MartianManHunter,Spirit Bloom,168
MartianManHunter,Helium Filaments,330
MartianManHunter,Spinmetal,190
MartianManHunter,Relic Iron,348
MartianManHunter,Mote of Light,498
MartianManHunter,Strange Coin,197
MartianManHunter,Ascendant Energy,110
MartianManHunter,Ascendant Shard,77
MartianManHunter,Hadium Flake,11
MartianManHunter,Etheric Light,8
MartianManHunter,Radiant Energy,200
MartianManHunter,Radiant Shard,108
MartianManHunter,Passage Coin,49
MartianManHunter,Ammo Synthesis,35
MartianManHunter,Special Ammo Synthesis,15
MartianManHunter,Heavy Ammo Synthesis,17
MartianManHunter,Exotic Shard,18
MartianManHunter,Three of Coins,8
MonkeyJu5tice,Armor Materials,987
MonkeyJu5tice,Weapon Parts,891
MonkeyJu5tice,Spirit Bloom,319
MonkeyJu5tice,Helium Filaments,170
MonkeyJu5tice,Spinmetal,272
MonkeyJu5tice,Relic Iron,380
MonkeyJu5tice,Mote of Light,869
MonkeyJu5tice,Strange Coin,358
MonkeyJu5tice,Ascendant Energy,193
MonkeyJu5tice,Ascendant Shard,114
MonkeyJu5tice,Hadium Flake,63
MonkeyJu5tice,Etheric Light,20
MonkeyJu5tice,Radiant Energy,298
MonkeyJu5tice,Radiant Shard,94
MonkeyJu5tice,Passage Coin,32
MonkeyJu5tice,Ammo Synthesis,39
MonkeyJu5tice,Special Ammo Synthesis,29
MonkeyJu5tice,Heavy Ammo Synthesis,12
MonkeyJu5tice,Exotic Shard,19
MonkeyJu5tice,Three of Coins,5
Nicholaslimo,Armor Materials,523
Nicholaslimo,Weapon Parts,688
Nicholaslimo,Spirit Bloom,203
Nicholaslimo,Helium Filaments,230
Nicholaslimo,Spinmetal,373
Nicholaslimo,Relic Iron,172
Nicholaslimo,Mote of Light,940
Nicholaslimo,Strange Coin,218
Nicholaslimo,Ascendant Energy,245
Nicholaslimo,Ascendant Shard,197
Nicholaslimo,Hadium Flake,29
Nicholaslimo,Etheric Light,20
Nicholaslimo,Radiant Energy,242
Nicholaslimo,Radiant Shard,284
Nicholaslimo,Passage Coin,49
Nicholaslimo,Ammo Synthesis,36
Nicholaslimo,Special Ammo Synthesis,27
Nicholaslimo,Heavy Ammo Synthesis,8
Nicholaslimo,Exotic Shard,9
Nicholaslimo,Three of Coins,1
ParadoxSavage96,Armor Materials,728
ParadoxSavage96,Weapon Parts,518
ParadoxSavage96,Spirit Bloom,322
ParadoxSavage96,Helium Filaments,306
ParadoxSavage96,Spinmetal,261
ParadoxSavage96,Relic Iron,251
ParadoxSavage96,Mote of Light,882
ParadoxSavage96,Strange Coin,358
ParadoxSavage96,Ascendant Energy,293
ParadoxSavage96,Ascendant Shard,96
ParadoxSavage96,Hadium Flake,53
ParadoxSavage96,Etheric Light,19
ParadoxSavage96,Radiant Energy,81
ParadoxSavage96,Radiant Shard,285
ParadoxSavage96,Passage Coin,5
ParadoxSavage96,Ammo Synthesis,35
ParadoxSavage96,Special Ammo Synthesis,10
ParadoxSavage96,Heavy Ammo Synthesis,18
ParadoxSavage96,Exotic Shard,14
ParadoxSavage96,Three of Coins,13
PlasmaLily,Armor Materials,706
PlasmaLily,Weapon Parts,512
PlasmaLily,Spirit Bloom,204
PlasmaLily,Helium Filaments,304
PlasmaLily,Spinmetal,307
PlasmaLily,Relic Iron,312
PlasmaLily,Mote of Light,807
PlasmaLily,Strange Coin,184
PlasmaLily,Ascendant Energy,94
PlasmaLily,Ascendant Shard,264
PlasmaLily,Hadium Flake,32
PlasmaLily,Etheric Light,14
PlasmaLily,Radiant Energy,270
PlasmaLily,Radiant Shard,162
PlasmaLily,Passage Coin,25
PlasmaLily,Ammo Synthesis,12
PlasmaLily,Special Ammo Synthesis,29
PlasmaLily,Heavy Ammo Synthesis,5
PlasmaLily,Exotic Shard,6
PlasmaLily,Three of Coins,5
PoH,Armor Materials,611
PoH,Weapon Parts,626
PoH,Spirit Bloom,383
PoH,Helium Filaments,326
PoH,Spinmetal,213
PoH,Relic Iron,384
PoH,Mote of Light,414
PoH,Strange Coin,297
PoH,Ascendant Energy,99
PoH,Ascendant Shard,82
PoH,Hadium Flake,52
PoH,Etheric Light,5
PoH,Radiant Energy,270
PoH,Radiant Shard,144
PoH,Passage Coin,9
PoH,Ammo Synthesis,49
PoH,Special Ammo Synthesis,12
PoH,Heavy Ammo Synthesis,11
PoH,Exotic Shard,18
PoH,Three of Coins,3
PQuill,Armor Materials,936
PQuill,Weapon Parts,829
PQuill,Spirit Bloom,273
PQuill,Helium Filaments,391
PQuill,Spinmetal,180
PQuill,Relic Iron,387
PQuill,Mote of Light,483
PQuill,Strange Coin,52
PQuill,Ascendant Energy,68
PQuill,Ascendant Shard,140
PQuill,Hadium Flake,75
PQuill,Etheric Light,9
PQuill,Radiant Energy,294
PQuill,Radiant Shard,71
PQuill,Passage Coin,18
PQuill,Ammo Synthesis,21
PQuill,Special Ammo Synthesis,26
PQuill,Heavy Ammo Synthesis,10
PQuill,Exotic Shard,9
PQuill,Three of Coins,4
Ramey,Armor Materials,878
Ramey,Weapon Parts,544
Ramey,Spirit Bloom,296
Ramey,Helium Filaments,387
Ramey,Spinmetal,349
Ramey,Relic Iron,312
Ramey,Mote of Light,822
Ramey,Strange Coin,301
Ramey,Ascendant Energy,202
Ramey,Ascendant Shard,284
Ramey,Hadium Flake,1
Ramey,Etheric Light,13
Ramey,Radiant Energy,80
Ramey,Radiant Shard,242
Ramey,Passage Coin,9
Ramey,Ammo Synthesis,48
Ramey,Special Ammo Synthesis,5
Ramey,Heavy Ammo Synthesis,13
Ramey,Exotic Shard,2
Ramey,Three of Coins,11
Red-Eyed_Xaxa,Armor Materials,749
Red-Eyed_Xaxa,Weapon Parts,777
Red-Eyed_Xaxa,Spirit Bloom,319
Red-Eyed_Xaxa,Helium Filaments,265
Red-Eyed_Xaxa,Spinmetal,386
Red-Eyed_Xaxa,Relic Iron,232
Red-Eyed_Xaxa,Mote of Light,623
Red-Eyed_Xaxa,Strange Coin,351
Red-Eyed_Xaxa,Ascendant Energy,186
Red-Eyed_Xaxa,Ascendant Shard,74
Red-Eyed_Xaxa,Hadium Flake,40
Red-Eyed_Xaxa,Etheric Light,14
Red-Eyed_Xaxa,Radiant Energy,219
Red-Eyed_Xaxa,Radiant Shard,246
Red-Eyed_Xaxa,Passage Coin,26
Red-Eyed_Xaxa,Ammo Synthesis,41
Red-Eyed_Xaxa,Special Ammo Synthesis,28
Red-Eyed_Xaxa,Heavy Ammo Synthesis,8
Red-Eyed_Xaxa,Exotic Shard,9
Red-Eyed_Xaxa,Three of Coins,12
Rithalius,Armor Materials,517
Rithalius,Weapon Parts,903
Rithalius,Spirit Bloom,315
Rithalius,Helium Filaments,298
Rithalius,Spinmetal,311
Rithalius,Relic Iron,358
Rithalius,Mote of Light,381
Rithalius,Strange Coin,360
Rithalius,Ascendant Energy,208
Rithalius,Ascendant Shard,145
Rithalius,Hadium Flake,51
Rithalius,Etheric Light,15
Rithalius,Radiant Energy,116
Rithalius,Radiant Shard,129
Rithalius,Passage Coin,38
Rithalius,Ammo Synthesis,35
Rithalius,Special Ammo Synthesis,23
Rithalius,Heavy Ammo Synthesis,9
Rithalius,Exotic Shard,4
Rithalius,Three of Coins,15
Rocket,Armor Materials,831
Rocket,Weapon Parts,928
Rocket,Spirit Bloom,224
Rocket,Helium Filaments,232
Rocket,Spinmetal,333
Rocket,Relic Iron,399
Rocket,Mote of Light,774
Rocket,Strange Coin,316
Rocket,Ascendant Energy,171
Rocket,Ascendant Shard,83
Rocket,Hadium Flake,26
Rocket,Etheric Light,5
Rocket,Radiant Energy,106
Rocket,Radiant Shard,77
Rocket,Passage Coin,32
Rocket,Ammo Synthesis,32
Rocket,Special Ammo Synthesis,23
Rocket,Heavy Ammo Synthesis,10
Rocket,Exotic Shard,2
Rocket,Three of Coins,15
Scarboy,Armor Materials,737
Scarboy,Weapon Parts,634
Scarboy,Spirit Bloom,394
Scarboy,Helium Filaments,324
Scarboy,Spinmetal,244
Scarboy,Relic Iron,251
Scarboy,Mote of Light,568
Scarboy,Strange Coin,327
Scarboy,Ascendant Energy,267
Scarboy,Ascendant Shard,164
Scarboy,Hadium Flake,20
Scarboy,Etheric Light,4
Scarboy,Radiant Energy,297
Scarboy,Radiant Shard,180
Scarboy,Passage Coin,25
Scarboy,Ammo Synthesis,39
Scarboy,Special Ammo Synthesis,18
Scarboy,Heavy Ammo Synthesis,16
Scarboy,Exotic Shard,14
Scarboy,Three of Coins,15
Shadows28,Armor Materials,948
Shadows28,Weapon Parts,799
Shadows28,Spirit Bloom,347
Shadows28,Helium Filaments,391
Shadows28,Spinmetal,278
Shadows28,Relic Iron,211
Shadows28,Mote of Light,755
Shadows28,Strange Coin,335
Shadows28,Ascendant Energy,77
Shadows28,Ascendant Shard,278
Shadows28,Hadium Flake,47
Shadows28,Etheric Light,20
Shadows28,Radiant Energy,177
Shadows28,Radiant Shard,175
Shadows28,Passage Coin,47
Shadows28,Ammo Synthesis,30
Shadows28,Special Ammo Synthesis,31
Shadows28,Heavy Ammo Synthesis,5
Shadows28,Exotic Shard,11
Shadows28,Three of Coins,14
Shottaz,Armor Materials,887
Shottaz,Weapon Parts,908
Shottaz,Spirit Bloom,180
Shottaz,Helium Filaments,232
Shottaz,Spinmetal,386
Shottaz,Relic Iron,278
Shottaz,Mote of Light,597
Shottaz,Strange Coin,400
Shottaz,Ascendant Energy,204
Shottaz,Ascendant Shard,123
Shottaz,Hadium Flake,47
Shottaz,Etheric Light,8
Shottaz,Radiant Energy,146
Shottaz,Radiant Shard,133
Shottaz,Passage Coin,39
Shottaz,Ammo Synthesis,11
Shottaz,Special Ammo Synthesis,19
Shottaz,Heavy Ammo Synthesis,9
Shottaz,Exotic Shard,14
Shottaz,Three of Coins,6
SiLeNthunter,Armor Materials,571
SiLeNthunter,Weapon Parts,952
SiLeNthunter,Spirit Bloom,367
SiLeNthunter,Helium Filaments,346
SiLeNthunter,Spinmetal,289
SiLeNthunter,Relic Iron,205
SiLeNthunter,Mote of Light,541
SiLeNthunter,Strange Coin,338
SiLeNthunter,Ascendant Energy,103
SiLeNthunter,Ascendant Shard,171
SiLeNthunter,Hadium Flake,45
SiLeNthunter,Etheric Light,5
SiLeNthunter,Radiant Energy,181
SiLeNthunter,Radiant Shard,197
SiLeNthunter,Passage Coin,37
SiLeNthunter,Ammo Synthesis,7
SiLeNthunter,Special Ammo Synthesis,32
SiLeNthunter,Heavy Ammo Synthesis,10
SiLeNthunter,Exotic Shard,13
SiLeNthunter,Three of Coins,11
Silica,Armor Materials,692
Silica,Weapon Parts,590
Silica,Spirit Bloom,386
Silica,Helium Filaments,339
Silica,Spinmetal,389
Silica,Relic Iron,352
Silica,Mote of Light,802
Silica,Strange Coin,216
Silica,Ascendant Energy,180
Silica,Ascendant Shard,133
Silica,Hadium Flake,9
Silica,Etheric Light,5
Silica,Radiant Energy,91
Silica,Radiant Shard,198
Silica,Passage Coin,44
Silica,Ammo Synthesis,33
Silica,Special Ammo Synthesis,20
Silica,Heavy Ammo Synthesis,7
Silica,Exotic Shard,4
Silica,Three of Coins,2
Sinon,Armor Materials,809
Sinon,Weapon Parts,637
Sinon,Spirit Bloom,359
Sinon,Helium Filaments,266
Sinon,Spinmetal,226
Sinon,Relic Iron,197
Sinon,Mote of Light,539
Sinon,Strange Coin,349
Sinon,Ascendant Energy,277
Sinon,Ascendant Shard,172
Sinon,Hadium Flake,54
Sinon,Etheric Light,20
Sinon,Radiant Energy,153
Sinon,Radiant Shard,241
Sinon,Passage Coin,41
Sinon,Ammo Synthesis,18
Sinon,Special Ammo Synthesis,18
Sinon,Heavy Ammo Synthesis,13
Sinon,Exotic Shard,8
Sinon,Three of Coins,3
Soulblade514,Armor Materials,563
Soulblade514,Weapon Parts,534
Soulblade514,Spirit Bloom,359
Soulblade514,Helium Filaments,304
Soulblade514,Spinmetal,286
Soulblade514,Relic Iron,216
Soulblade514,Mote of Light,672
Soulblade514,Strange Coin,253
Soulblade514,Ascendant Energy,187
Soulblade514,Ascendant Shard,207
Soulblade514,Hadium Flake,13
Soulblade514,Etheric Light,12
Soulblade514,Radiant Energy,139
Soulblade514,Radiant Shard,176
Soulblade514,Passage Coin,46
Soulblade514,Ammo Synthesis,25
Soulblade514,Special Ammo Synthesis,20
Soulblade514,Heavy Ammo Synthesis,15
Soulblade514,Exotic Shard,1
Soulblade514,Three of Coins,11
Superman,Armor Materials,677
Superman,Weapon Parts,613
Superman,Spirit Bloom,375
Superman,Helium Filaments,373
Superman,Spinmetal,312
Superman,Relic Iron,266
Superman,Mote of Light,342
Superman,Strange Coin,64
Superman,Ascendant Energy,84
Superman,Ascendant Shard,243
Superman,Hadium Flake,37
Superman,Etheric Light,11
Superman,Radiant Energy,105
Superman,Radiant Shard,113
Superman,Passage Coin,23
Superman,Ammo Synthesis,36
Superman,Special Ammo Synthesis,19
Superman,Heavy Ammo Synthesis,13
Superman,Exotic Shard,14
Superman,Three of Coins,12
TDynasty11,Armor Materials,790
TDynasty11,Weapon Parts,892
TDynasty11,Spirit Bloom,389
TDynasty11,Helium Filaments,388
TDynasty11,Spinmetal,220
TDynasty11,Relic Iron,393
TDynasty11,Mote of Light,878
TDynasty11,Strange Coin,121
TDynasty11,Ascendant Energy,239
TDynasty11,Ascendant Shard,179
TDynasty11,Hadium Flake,42
TDynasty11,Etheric Light,10
TDynasty11,Radiant Energy,282
TDynasty11,Radiant Shard,258
TDynasty11,Passage Coin,45
TDynasty11,Ammo Synthesis,17
TDynasty11,Special Ammo Synthesis,27
TDynasty11,Heavy Ammo Synthesis,19
TDynasty11,Exotic Shard,13
TDynasty11,Three of Coins,5
teamoliver,Armor Materials,977
teamoliver,Weapon Parts,922
teamoliver,Spirit Bloom,332
teamoliver,Helium Filaments,384
teamoliver,Spinmetal,242
teamoliver,Relic Iron,204
teamoliver,Mote of Light,569
teamoliver,Strange Coin,187
teamoliver,Ascendant Energy,291
teamoliver,Ascendant Shard,166
teamoliver,Hadium Flake,58
teamoliver,Etheric Light,18
teamoliver,Radiant Energy,226
teamoliver,Radiant Shard,132
teamoliver,Passage Coin,32
teamoliver,Ammo Synthesis,35
teamoliver,Special Ammo Synthesis,5
teamoliver,Heavy Ammo Synthesis,11
teamoliver,Exotic Shard,5
teamoliver,Three of Coins,7
ThunZZer,Armor Materials,664
ThunZZer,Weapon Parts,978
ThunZZer,Spirit Bloom,351
ThunZZer,Helium Filaments,330
ThunZZer,Spinmetal,377
ThunZZer,Relic Iron,345
ThunZZer,Mote of Light,415
ThunZZer,Strange Coin,97
ThunZZer,Ascendant Energy,205
ThunZZer,Ascendant Shard,159
ThunZZer,Hadium Flake,29
ThunZZer,Etheric Light,17
ThunZZer,Radiant Energy,179
ThunZZer,Radiant Shard,237
ThunZZer,Passage Coin,17
ThunZZer,Ammo Synthesis,24
ThunZZer,Special Ammo Synthesis,33
ThunZZer,Heavy Ammo Synthesis,20
ThunZZer,Exotic Shard,19
ThunZZer,Three of Coins,11
ToxicDredd,Armor Materials,865
ToxicDredd,Weapon Parts,604
ToxicDredd,Spirit Bloom,349
ToxicDredd,Helium Filaments,301
ToxicDredd,Spinmetal,376
ToxicDredd,Relic Iron,368
ToxicDredd,Mote of Light,801
ToxicDredd,Strange Coin,64
ToxicDredd,Ascendant Energy,144
ToxicDredd,Ascendant Shard,259
ToxicDredd,Hadium Flake,42
ToxicDredd,Etheric Light,6
ToxicDredd,Radiant Energy,119
ToxicDredd,Radiant Shard,189
ToxicDredd,Passage Coin,24
ToxicDredd,Ammo Synthesis,23
ToxicDredd,Special Ammo Synthesis,32
ToxicDredd,Heavy Ammo Synthesis,6
ToxicDredd,Exotic Shard,11
ToxicDredd,Three of Coins,7
UltimateJedi11,Armor Materials,981
UltimateJedi11,Weapon Parts,615
UltimateJedi11,Spirit Bloom,194
UltimateJedi11,Helium Filaments,308
UltimateJedi11,Spinmetal,397
UltimateJedi11,Relic Iron,279
UltimateJedi11,Mote of Light,579
UltimateJedi11,Strange Coin,215
UltimateJedi11,Ascendant Energy,103
UltimateJedi11,Ascendant Shard,127
UltimateJedi11,Hadium Flake,40
UltimateJedi11,Etheric Light,18
UltimateJedi11,Radiant Energy,175
UltimateJedi11,Radiant Shard,112
UltimateJedi11,Passage Coin,11
UltimateJedi11,Ammo Synthesis,33
UltimateJedi11,Special Ammo Synthesis,32
UltimateJedi11,Heavy Ammo Synthesis,16
UltimateJedi11,Exotic Shard,14
UltimateJedi11,Three of Coins,3
whoaitsjoe,Armor Materials,994
whoaitsjoe,Weapon Parts,745
whoaitsjoe,Spirit Bloom,212
whoaitsjoe,Helium Filaments,379
whoaitsjoe,Spinmetal,353
whoaitsjoe,Relic Iron,356
whoaitsjoe,Mote of Light,705
whoaitsjoe,Strange Coin,371
whoaitsjoe,Ascendant Energy,289
whoaitsjoe,Ascendant Shard,69
whoaitsjoe,Hadium Flake,7
whoaitsjoe,Etheric Light,20
whoaitsjoe,Radiant Energy,114
whoaitsjoe,Radiant Shard,95
whoaitsjoe,Passage Coin,4
whoaitsjoe,Ammo Synthesis,22
whoaitsjoe,Special Ammo Synthesis,19
whoaitsjoe,Heavy Ammo Synthesis,14
whoaitsjoe,Exotic Shard,3
whoaitsjoe,Three of Coins,9
wildheck,Armor Materials,873
wildheck,Weapon Parts,639
wildheck,Spirit Bloom,352
wildheck,Helium Filaments,243
wildheck,Spinmetal,367
wildheck,Relic Iron,199
wildheck,Mote of Light,749
wildheck,Strange Coin,294
wildheck,Ascendant Energy,273
wildheck,Ascendant Shard,61
wildheck,Hadium Flake,25
wildheck,Etheric Light,12
wildheck,Radiant Energy,137
wildheck,Radiant Shard,207
wildheck,Passage Coin,17
wildheck,Ammo Synthesis,50
wildheck,Special Ammo Synthesis,10
wildheck,Heavy Ammo Synthesis,7
wildheck,Exotic Shard,13
wildheck,Three of Coins,6
WonderWoman,Armor Materials,988
WonderWoman,Weapon Parts,554
WonderWoman,Spirit Bloom,348
WonderWoman,Helium Filaments,172
WonderWoman,Spinmetal,264
WonderWoman,Relic Iron,211
WonderWoman,Mote of Light,729
WonderWoman,Strange Coin,92
WonderWoman,Ascendant Energy,251
WonderWoman,Ascendant Shard,194
WonderWoman,Hadium Flake,42
WonderWoman,Etheric Light,20
WonderWoman,Radiant Energy,282
WonderWoman,Radiant Shard,52
WonderWoman,Passage Coin,29
WonderWoman,Ammo Synthesis,30
WonderWoman,Special Ammo Synthesis,34
WonderWoman,Heavy Ammo Synthesis,17
WonderWoman,Exotic Shard,19
WonderWoman,Three of Coins,4
Xman1129,Armor Materials,544
Xman1129,Weapon Parts,815
Xman1129,Spirit Bloom,304
Xman1129,Helium Filaments,180
Xman1129,Spinmetal,222
Xman1129,Relic Iron,181
Xman1129,Mote of Light,532
Xman1129,Strange Coin,209
Xman1129,Ascendant Energy,222
Xman1129,Ascendant Shard,73
Xman1129,Hadium Flake,11
Xman1129,Etheric Light,15
Xman1129,Radiant Energy,251
Xman1129,Radiant Shard,157
Xman1129,Passage Coin,44
Xman1129,Ammo Synthesis,31
Xman1129,Special Ammo Synthesis,15
Xman1129,Heavy Ammo Synthesis,13
Xman1129,Exotic Shard,9
Xman1129,Three of Coins,6
XxMrHollywood,Armor Materials,926
XxMrHollywood,Weapon Parts,905
XxMrHollywood,Spirit Bloom,196
XxMrHollywood,Helium Filaments,379
XxMrHollywood,Spinmetal,206
XxMrHollywood,Relic Iron,380
XxMrHollywood,Mote of Light,839
XxMrHollywood,Strange Coin,170
XxMrHollywood,Ascendant Energy,278
XxMrHollywood,Ascendant Shard,68
XxMrHollywood,Hadium Flake,63
XxMrHollywood,Etheric Light,2
XxMrHollywood,Radiant Energy,298
XxMrHollywood,Radiant Shard,283
XxMrHollywood,Passage Coin,13
XxMrHollywood,Ammo Synthesis,25
XxMrHollywood,Special Ammo Synthesis,30
XxMrHollywood,Heavy Ammo Synthesis,9
XxMrHollywood,Exotic Shard,19
XxMrHollywood,Three of Coins,15
ZeldaLover08,Armor Materials,606
ZeldaLover08,Weapon Parts,893
ZeldaLover08,Spirit Bloom,171
ZeldaLover08,Helium Filaments,298
ZeldaLover08,Spinmetal,331
ZeldaLover08,Relic Iron,245
ZeldaLover08,Mote of Light,858
ZeldaLover08,Strange Coin,309
ZeldaLover08,Ascendant Energy,51
ZeldaLover08,Ascendant Shard,58
ZeldaLover08,Hadium Flake,16
ZeldaLover08,Etheric Light,14
ZeldaLover08,Radiant Energy,196
ZeldaLover08,Radiant Shard,172
ZeldaLover08,Passage Coin,17
ZeldaLover08,Ammo Synthesis,41
ZeldaLover08,Special Ammo Synthesis,29
ZeldaLover08,Heavy Ammo Synthesis,17
ZeldaLover08,Exotic Shard,4
ZeldaLover08,Three of Coins,12
